company_id,company_name,is_target,relationship_type,priority,business_area,jpx_sector_17,jpx_sector_33,note
2871,ニチレイ,true,,high,加工食品|水産|畜産|低温物流,食品,食料品,対象企業
1332,ニッスイ,false,peer,high,冷凍食品|水産,食品,水産・農林業,家庭用・業務用冷凍食品で直接競合
1333,Ｕｍｉｏｓ,false,peer,high,冷凍食品|水産,食品,水産・農林業,旧マルハニチロ。冷凍食品と水産原料の両面で重なる
1301,極洋,false,peer,high,冷凍食品|水産,食品,水産・農林業,業務用冷凍食品と水産原料で競合
2877,日東ベスト,false,peer,high,業務用冷凍食品,食品,食料品,業務用冷凍食品専業。中食・給食で直接競合
2883,大冷,false,peer,high,業務用冷凍食品|水産,食品,食料品,業務用冷凍食品専業
2882,イートアンドホールディングス,false,peer,high,冷凍食品|外食,食品,食料品,冷凍餃子で家庭用冷食と競合
2876,デルソーレ,false,peer,mid,冷凍生地|冷凍食品,食品,食料品,冷凍ピザ・生地で競合
2897,日清食品ホールディングス,false,peer,high,冷凍麺|即席麺,食品,食料品,冷凍麺で競合
2875,東洋水産,false,peer,high,冷凍食品|即席麺,食品,食料品,冷凍麺・チルドで競合
2282,日本ハム,false,peer,high,加工食品|畜産,食品,食料品,加工食品・畜産で競合
2296,伊藤ハム米久ホールディングス,false,peer,high,加工食品|畜産,食品,食料品,畜産加工で競合
2281,プリマハム,false,peer,mid,加工食品|畜産,食品,食料品,畜産加工で競合
2288,丸大食品,false,peer,mid,加工食品|畜産,食品,食料品,畜産加工で競合
2292,Ｓ　Ｆｏｏｄｓ,false,peer,mid,食肉|加工食品,食品,食料品,食肉加工で競合
2918,わらべや日洋ホールディングス,false,peer,high,中食|惣菜,食品,食料品,ＣＶＳ向け中食で競合
2903,シノブフーズ,false,peer,mid,中食|惣菜,食品,食料品,中食で競合
2910,ロック・フィールド,false,peer,mid,惣菜,食品,食料品,惣菜で競合
2915,ケンコーマヨネーズ,false,peer,mid,業務用調味料|惣菜,食品,食料品,業務用サラダ・調味料で競合
2908,フジッコ,false,peer,mid,惣菜|加工食品,食品,食料品,豆製品・惣菜で競合
2904,一正蒲鉾,false,peer,low,練り製品,食品,食料品,練り製品で競合
2933,紀文食品,false,peer,mid,練り製品|チルド,食品,食料品,練り製品・チルドで競合
2932,ＳＴＩフードホールディングス,false,peer,low,水産加工|中食,食品,食料品,ＣＶＳ向け水産加工で競合
2809,キユーピー,false,peer,mid,調味料|惣菜,食品,食料品,サラダ・惣菜で競合
2810,ハウス食品グループ本社,false,peer,low,加工食品|調味料,食品,食料品,家庭用加工食品で競合
2811,カゴメ,false,peer,low,加工食品|飲料,食品,食料品,家庭用加工食品で競合
2212,山崎製パン,false,peer,mid,製パン|中食,食品,食料品,冷凍生地・中食で競合
2209,井村屋グループ,false,peer,low,冷菓|加工食品,食品,食料品,冷菓・肉まんで競合
2264,森永乳業,false,peer,mid,乳製品|冷菓,食品,食料品,チルド・冷菓で競合
2269,明治ホールディングス,false,peer,mid,乳製品|冷菓|加工食品,食品,食料品,チルド・冷菓で競合
2270,雪印メグミルク,false,peer,mid,乳製品|チルド,食品,食料品,チルドで競合
2874,横浜冷凍,false,peer,high,冷蔵倉庫|水産,商社・卸売,卸売業,冷蔵倉庫でニチレイロジと直接競合
9369,キユーソー流通システム,false,peer,high,食品物流,運輸・物流,倉庫・運輸関連業,食品物流でニチレイロジと直接競合
9147,ＮＩＰＰＯＮ　ＥＸＰＲＥＳＳホールディングス,false,peer|partner,high,低温物流,運輸・物流,陸運業,低温物流で競合、幹線輸送で協業
9064,ヤマトホールディングス,false,peer|partner,high,低温物流|宅配,運輸・物流,陸運業,クール便で競合、宅配網で協業
9143,ＳＧホールディングス,false,peer|partner,mid,低温物流|宅配,運輸・物流,陸運業,クール便で競合、宅配網で協業
9069,センコーグループホールディングス,false,peer|partner,mid,食品物流|３ＰＬ,運輸・物流,陸運業,食品３ＰＬで競合、庫内業務で協業
9090,ＡＺ－ＣＯＭ丸和ホールディングス,false,peer,mid,低温物流|３ＰＬ,運輸・物流,陸運業,低温３ＰＬで競合
9301,三菱倉庫,false,peer,low,冷蔵倉庫|物流,運輸・物流,倉庫・運輸関連業,冷蔵倉庫で競合
9305,ヤマタネ,false,peer,low,食品物流|冷蔵倉庫,商社・卸売,卸売業,食品物流・倉庫で競合
2607,不二製油,false,partner,high,油脂原料,食品,食料品,油脂・大豆素材の供給
2602,日清オイリオグループ,false,partner,high,油脂原料,食品,食料品,食用油の供給。値上げ開示が頻出
2613,Ｊ－オイルミルズ,false,partner,high,油脂原料,食品,食料品,食用油の供給
4404,ミヨシ油脂,false,partner,mid,油脂原料,食品,食料品,業務用油脂の供給
2002,日清製粉グループ本社,false,partner,high,小麦粉|加工原料,食品,食料品,小麦粉・プレミックスの供給
2001,ニップン,false,partner,high,小麦粉|加工原料,食品,食料品,小麦粉・冷凍生地の供給
2004,昭和産業,false,partner,mid,小麦粉|油脂|糖類,食品,食料品,製粉・油脂・糖化品の供給
2108,日本甜菜製糖,false,partner,mid,糖類,食品,食料品,砂糖の供給
2892,日本食品化工,false,partner,mid,澱粉|加工原料,食品,食料品,澱粉・糖化品の供給
2815,アリアケジャパン,false,partner,mid,調味料|エキス,食品,食料品,調味エキスの供給
2801,キッコーマン,false,partner,mid,調味料,食品,食料品,醤油・調味料の供給
2802,味の素,false,peer|partner,high,冷凍食品|調味料・原料,食品,食料品,冷凍食品で競合、調味料・アミノ酸で供給側
4526,理研ビタミン,false,partner,mid,食品素材,食品,食料品,乳化剤・食品素材の供給
1379,ホクト,false,partner,low,農産原料,食品,水産・農林業,きのこ類の供給
3139,ラクト・ジャパン,false,partner,mid,乳原料|食肉,商社・卸売,卸売業,乳原料・食肉の輸入商社
8043,スターゼン,false,partner,mid,食肉,商社・卸売,卸売業,食肉の調達・卸
8091,ニチモウ,false,partner,mid,水産原料,商社・卸売,卸売業,水産物の調達・商社
8079,正栄食品工業,false,partner,low,食品原料,商社・卸売,卸売業,製菓・製パン原料の商社
5901,東洋製罐グループホールディングス,false,partner,high,包装資材,建設・資材,金属製品,容器・包装材の供給
3941,レンゴー,false,partner,high,包装資材,素材・化学,パルプ・紙,段ボール・紙器の供給
3946,トーモク,false,partner,mid,包装資材,素材・化学,パルプ・紙,段ボール・紙器の供給
7947,エフピコ,false,partner,high,包装資材,素材・化学,化学,食品トレー・容器の供給
7912,大日本印刷,false,partner,mid,包装資材,情報通信・サービスその他,その他製品,軟包装材の供給
7911,ＴＯＰＰＡＮホールディングス,false,partner,mid,包装資材,情報通信・サービスその他,その他製品,軟包装材の供給
4088,エア・ウォーター,false,partner,mid,産業ガス|冷凍設備,素材・化学,化学,冷凍・冷蔵に用いる産業ガスと設備の供給
9501,東京電力ホールディングス,false,partner,high,電力,電力・ガス,電気・ガス業,冷凍倉庫の電力コストに直結
9531,東京瓦斯,false,partner,mid,都市ガス,電力・ガス,電気・ガス業,加熱工程の燃料コストに直結
9025,鴻池運輸,false,partner,mid,食品物流|構内作業,運輸・物流,陸運業,食品工場の構内物流を受託
3382,セブン＆アイ・ホールディングス,false,customer,high,量販・ＣＶＳ,小売,小売業,家庭用冷凍食品の販売チャネル
8267,イオン,false,customer,high,量販,小売,小売業,家庭用冷凍食品の販売チャネル
7532,パン・パシフィック・インターナショナルホールディングス,false,customer,high,量販,小売,小売業,ＰＢ・家庭用冷凍食品の販売チャネル
3038,神戸物産,false,customer,high,業務用卸|量販,商社・卸売,卸売業,業務用食材の販売チャネル
9946,ミニストップ,false,customer,mid,ＣＶＳ,小売,小売業,中食・冷凍食品の販売チャネル
3222,ユナイテッド・スーパーマーケット・ホールディングス,false,customer,mid,量販,小売,小売業,首都圏食品スーパーの販売チャネル
8194,ライフコーポレーション,false,customer,mid,量販,小売,小売業,食品スーパーの販売チャネル
9948,アークス,false,customer,mid,量販,小売,小売業,北海道・東北の食品スーパー
9956,バローホールディングス,false,customer,mid,量販,小売,小売業,中部の食品スーパー
8273,イズミ,false,customer,mid,量販,小売,小売業,中四国・九州の量販
8276,平和堂,false,customer,low,量販,小売,小売業,近畿の食品スーパー
8217,オークワ,false,customer,low,量販,小売,小売業,近畿・中部の食品スーパー
8255,アクシアル　リテイリング,false,customer,low,量販,小売,小売業,新潟・北関東の食品スーパー
9974,ベルク,false,customer,low,量販,小売,小売業,北関東の食品スーパー
2742,ハローズ,false,customer,low,量販,小売,小売業,中国・四国の食品スーパー
3182,オイシックス・ラ・大地,false,customer,low,食品ＥＣ,小売,小売業,食品ＥＣの販売チャネル
8142,トーホー,false,customer,mid,業務用卸,商社・卸売,卸売業,外食・給食向け業務用食品卸
9869,加藤産業,false,customer,mid,食品卸,商社・卸売,卸売業,量販向け食品卸
7130,ヤマエグループホールディングス,false,customer,low,食品卸,商社・卸売,卸売業,九州地盤の食品卸
3197,すかいらーくホールディングス,false,customer,high,外食,小売,小売業,業務用冷凍食品の需要家
7550,ゼンショーホールディングス,false,customer,high,外食,小売,小売業,業務用冷凍食品の需要家
2702,日本マクドナルドホールディングス,false,customer,high,外食,小売,小売業,業務用冷凍食品の需要家
3563,ＦＯＯＤ　＆　ＬＩＦＥ　ＣＯＭＰＡＮＩＥＳ,false,customer,mid,外食,小売,小売業,水産・業務用食材の需要家
7581,サイゼリヤ,false,customer,mid,外食,小売,小売業,業務用冷凍食品の需要家
7616,コロワイド,false,customer,mid,外食,小売,小売業,業務用冷凍食品の需要家
3397,トリドールホールディングス,false,customer,mid,外食,小売,小売業,業務用冷凍食品の需要家
3387,クリエイト・レストランツ・ホールディングス,false,customer,mid,外食,小売,小売業,業務用冷凍食品の需要家
2695,くら寿司,false,customer,mid,外食,小売,小売業,水産・業務用食材の需要家
9861,吉野家ホールディングス,false,customer,mid,外食,小売,小売業,業務用冷凍食品の需要家
7630,壱番屋,false,customer,low,外食,小売,小売業,業務用冷凍食品の需要家
8153,モスフードサービス,false,customer,low,外食,商社・卸売,卸売業,業務用冷凍食品の需要家
9887,松屋フーズホールディングス,false,customer,low,外食,小売,小売業,業務用冷凍食品の需要家
